[
  {
    "id": "d945fb8e-7590-471e-a321-be77ffe04901",
    "data": [
      {
        "text": "what can I order?",
        "userDefined": false
      }
    ],
    "isTemplate": false,
    "count": 0,
    "lang": "en",
    "updated": 0
  },
  {
    "id": "83dd74aa-8072-4cb0-a7e0-4b4472fc4c29",
    "data": [
      {
        "text": "what can i have ",
        "userDefined": false
      },
      {
        "text": "today?",
        "userDefined": false
      }
    ],
    "isTemplate": false,
    "count": 0,
    "lang": "en",
    "updated": 0
  },
  {
    "id": "2763a790-6c85-492e-9fc6-2fa867b61e7a",
    "data": [
      {
        "text": "what are your offering?",
        "userDefined": false
      }
    ],
    "isTemplate": false,
    "count": 0,
    "lang": "en",
    "updated": 0
  },
  {
    "id": "6c9240f3-572e-4c5a-a1a9-572269d93c8a",
    "data": [
      {
        "text": "what do you offer?",
        "userDefined": false
      }
    ],
    "isTemplate": false,
    "count": 1,
    "lang": "en",
    "updated": 0
  },
  {
    "id": "df05e011-dcd0-446e-9681-b7be076fba85",
    "data": [
      {
        "text": "Menu, please!",
        "userDefined": false
      }
    ],
    "isTemplate": false,
    "count": 0,
    "lang": "en",
    "updated": 0
  },
  {
    "id": "871cef77-805a-4545-bcfe-5ac966ef005b",
    "data": [
      {
        "text": "show me your menu?",
        "userDefined": false
      }
    ],
    "isTemplate": false,
    "count": 0,
    "lang": "en",
    "updated": 0
  },
  {
    "id": "c9728101-adc6-4b71-9be1-62db1fcbc8a7",
    "data": [
      {
        "text": "show me menu?",
        "userDefined": false
      }
    ],
    "isTemplate": false,
    "count": 0,
    "lang": "en",
    "updated": 0
  },
  {
    "id": "e3c6e74c-0c59-41e1-8100-3d95a63fd337",
    "data": [
      {
        "text": "what can I eat?",
        "userDefined": false
      }
    ],
    "isTemplate": false,
    "count": 0,
    "lang": "en",
    "updated": 0
  },
  {
    "id": "96726b9f-9e5b-4be0-9531-38c29f95405d",
    "data": [
      {
        "text": "what\u0027s in the menu?",
        "userDefined": false
      }
    ],
    "isTemplate": false,
    "count": 0,
    "lang": "en",
    "updated": 0
  },
  {
    "id": "3e63ef05-8843-4428-a4d7-d3a17f715883",
    "data": [
      {
        "text": "Menu",
        "userDefined": false
      }
    ],
    "isTemplate": false,
    "count": 0,
    "lang": "en",
    "updated": 0
  },
  {
    "id": "a241b0f5-4cff-4866-9926-cbba19d494f2",
    "data": [
      {
        "text": "meni",
        "userDefined": false
      }
    ],
    "isTemplate": false,
    "count": 0,
    "lang": "en",
    "updated": 0
  },
  {
    "id": "c55a8151-a461-4b6b-ba6b-49790f966251",
    "data": [
      {
        "text": "menuu",
        "userDefined": false
      }
    ],
    "isTemplate": false,
    "count": 0,
    "lang": "en",
    "updated": 0
  }
]