[
  {
    "id": "664a5f84-bcc6-4019-8499-430299624310",
    "data": [
      {
        "text": "no that\u0027s all",
        "userDefined": false
      }
    ],
    "isTemplate": false,
    "count": 0,
    "lang": "en",
    "updated": 0
  },
  {
    "id": "ec776cfa-17fd-4c59-adc0-714b7ee44905",
    "data": [
      {
        "text": "no thank you",
        "userDefined": false
      }
    ],
    "isTemplate": false,
    "count": 0,
    "lang": "en",
    "updated": 0
  },
  {
    "id": "49ce92b6-d710-48a5-bf27-906da01edb88",
    "data": [
      {
        "text": "no I am done",
        "userDefined": false
      }
    ],
    "isTemplate": false,
    "count": 0,
    "lang": "en",
    "updated": 0
  },
  {
    "id": "fce9d524-dafe-42aa-9c4e-cc4f4a2cbb37",
    "data": [
      {
        "text": "nope",
        "userDefined": false
      }
    ],
    "isTemplate": false,
    "count": 0,
    "lang": "en",
    "updated": 0
  },
  {
    "id": "c0dbdbab-95a1-4d0c-9ba1-e9796ee1c6cf",
    "data": [
      {
        "text": "No",
        "userDefined": false
      }
    ],
    "isTemplate": false,
    "count": 0,
    "lang": "en",
    "updated": 0
  }
]